arm,family,layer,n,median_share,q25,q75,mean_share,median_n_atoms
control_gaussian_pooled,clean_last,0,375,0.370240,0.364282,0.377690,nan,nan
control_gaussian_pooled,clean_last,1,375,0.370033,0.363305,0.376952,nan,nan
control_gaussian_pooled,clean_last,2,375,0.371212,0.364450,0.377805,nan,nan
control_gaussian_pooled,clean_last,3,375,0.370857,0.364802,0.377212,nan,nan
control_gaussian_pooled,clean_last,4,375,0.371299,0.364661,0.378011,nan,nan
control_gaussian_pooled,clean_last,5,375,0.370022,0.364431,0.377196,nan,nan
control_gaussian_pooled,clean_last,6,375,0.370212,0.363592,0.376855,nan,nan
control_gaussian_pooled,clean_last,7,375,0.370580,0.363834,0.377085,nan,nan
control_gaussian_pooled,clean_last,8,375,0.370924,0.363989,0.378061,nan,nan
control_gaussian_pooled,clean_last,9,375,0.370940,0.364289,0.378224,nan,nan
control_gaussian_pooled,clean_last,10,375,0.372920,0.364604,0.380341,nan,nan
control_gaussian_pooled,clean_last,11,375,0.377013,0.369442,0.384384,nan,nan
control_gaussian_pooled,clean_mean,0,375,0.369628,0.363382,0.380154,nan,nan
control_gaussian_pooled,clean_mean,1,375,0.371144,0.363922,0.385165,nan,nan
control_gaussian_pooled,clean_mean,2,375,0.367724,0.363869,0.371132,nan,nan
control_gaussian_pooled,clean_mean,3,375,0.367284,0.363465,0.370918,nan,nan
control_gaussian_pooled,clean_mean,4,375,0.367109,0.363008,0.370563,nan,nan
control_gaussian_pooled,clean_mean,5,375,0.367141,0.363305,0.370811,nan,nan
control_gaussian_pooled,clean_mean,6,375,0.366625,0.362767,0.370481,nan,nan
control_gaussian_pooled,clean_mean,7,375,0.366725,0.362968,0.371653,nan,nan
control_gaussian_pooled,clean_mean,8,375,0.366978,0.362869,0.372041,nan,nan
control_gaussian_pooled,clean_mean,9,375,0.368549,0.364506,0.373782,nan,nan
control_gaussian_pooled,clean_mean,10,375,0.372889,0.366173,0.382007,nan,nan
control_gaussian_pooled,clean_mean,11,375,0.381064,0.369123,0.391150,nan,nan
control_gaussian_pooled,directions,0,6,0.381391,0.373270,0.381837,nan,nan
control_gaussian_pooled,directions,1,6,0.381391,0.373270,0.381837,nan,nan
control_gaussian_pooled,directions,2,6,0.381391,0.373270,0.381837,nan,nan
control_gaussian_pooled,directions,3,6,0.381391,0.373270,0.381837,nan,nan
control_gaussian_pooled,directions,4,6,0.381391,0.373270,0.381837,nan,nan
control_gaussian_pooled,directions,5,6,0.381391,0.373270,0.381837,nan,nan
control_gaussian_pooled,directions,6,6,0.381391,0.373270,0.381837,nan,nan
control_gaussian_pooled,directions,7,6,0.381391,0.373270,0.381837,nan,nan
control_gaussian_pooled,directions,8,6,0.381391,0.373270,0.381837,nan,nan
control_gaussian_pooled,directions,9,6,0.381391,0.373270,0.381837,nan,nan
control_gaussian_pooled,directions,10,6,0.381391,0.373270,0.381837,nan,nan
control_gaussian_pooled,directions,11,6,0.381391,0.373270,0.381837,nan,nan
control_gaussian_pooled,lang,0,375,0.368833,0.360907,0.373858,nan,nan
control_gaussian_pooled,lang,1,375,0.369316,0.365121,0.371697,nan,nan
control_gaussian_pooled,lang,2,375,0.370250,0.364906,0.383630,nan,nan
control_gaussian_pooled,lang,3,375,0.370498,0.364977,0.383964,nan,nan
control_gaussian_pooled,lang,4,375,0.373536,0.364849,0.385880,nan,nan
control_gaussian_pooled,lang,5,375,0.371234,0.362481,0.384861,nan,nan
control_gaussian_pooled,lang,6,375,0.369363,0.362357,0.382377,nan,nan
control_gaussian_pooled,lang,7,375,0.372653,0.367711,0.378444,nan,nan
control_gaussian_pooled,lang,8,375,0.373863,0.369326,0.377553,nan,nan
control_gaussian_pooled,lang,9,375,0.374968,0.371387,0.380578,nan,nan
control_gaussian_pooled,lang,10,375,0.372114,0.369448,0.378514,nan,nan
control_gaussian_pooled,lang,11,375,0.369026,0.359816,0.377568,nan,nan
control_gaussian_pooled,named,0,30,0.371475,0.365060,0.375747,nan,nan
control_gaussian_pooled,named,1,30,0.368186,0.365326,0.372666,nan,nan
control_gaussian_pooled,named,2,30,0.370134,0.359750,0.374960,nan,nan
control_gaussian_pooled,named,3,30,0.370558,0.364118,0.376206,nan,nan
control_gaussian_pooled,named,4,30,0.372533,0.361830,0.375156,nan,nan
control_gaussian_pooled,named,5,30,0.370600,0.361652,0.375406,nan,nan
control_gaussian_pooled,named,6,30,0.372478,0.363549,0.377604,nan,nan
control_gaussian_pooled,named,7,30,0.370814,0.365076,0.375570,nan,nan
control_gaussian_pooled,named,8,30,0.372165,0.368040,0.376816,nan,nan
control_gaussian_pooled,named,9,30,0.370504,0.364902,0.376477,nan,nan
control_gaussian_pooled,named,10,30,0.373224,0.367628,0.376868,nan,nan
control_gaussian_pooled,named,11,30,0.368848,0.362374,0.377506,nan,nan
control_gaussian_pooled,noise17,0,375,0.368312,0.361742,0.372954,nan,nan
control_gaussian_pooled,noise17,1,375,0.367373,0.360145,0.373224,nan,nan
control_gaussian_pooled,noise17,2,375,0.370396,0.363121,0.380750,nan,nan
control_gaussian_pooled,noise17,3,375,0.372228,0.363679,0.381775,nan,nan
control_gaussian_pooled,noise17,4,375,0.372534,0.363484,0.383130,nan,nan
control_gaussian_pooled,noise17,5,375,0.372081,0.362890,0.382060,nan,nan
control_gaussian_pooled,noise17,6,375,0.371563,0.362168,0.380206,nan,nan
control_gaussian_pooled,noise17,7,375,0.373021,0.366107,0.378592,nan,nan
control_gaussian_pooled,noise17,8,375,0.373461,0.368700,0.378202,nan,nan
control_gaussian_pooled,noise17,9,375,0.373521,0.367611,0.380231,nan,nan
control_gaussian_pooled,noise17,10,375,0.372176,0.367534,0.377393,nan,nan
control_gaussian_pooled,noise17,11,375,0.366868,0.361031,0.373571,nan,nan
control_gaussian_pooled,nullold,0,375,0.370171,0.363945,0.377591,nan,nan
control_gaussian_pooled,nullold,1,375,0.373763,0.366176,0.382226,nan,nan
control_gaussian_pooled,nullold,2,375,0.373326,0.366039,0.384265,nan,nan
control_gaussian_pooled,nullold,3,375,0.372494,0.366173,0.382725,nan,nan
control_gaussian_pooled,nullold,4,375,0.374554,0.368112,0.383191,nan,nan
control_gaussian_pooled,nullold,5,375,0.375874,0.369783,0.383392,nan,nan
control_gaussian_pooled,nullold,6,375,0.376592,0.370125,0.382994,nan,nan
control_gaussian_pooled,nullold,7,375,0.374805,0.369696,0.384063,nan,nan
control_gaussian_pooled,nullold,8,375,0.375356,0.369633,0.382235,nan,nan
control_gaussian_pooled,nullold,9,375,0.374062,0.369733,0.382206,nan,nan
control_gaussian_pooled,nullold,10,375,0.372375,0.367467,0.383225,nan,nan
control_gaussian_pooled,nullold,11,375,0.367645,0.362180,0.373399,nan,nan
control_rotation_pooled,clean_last,0,375,0.016488,0.010450,0.026642,nan,nan
control_rotation_pooled,clean_last,1,375,0.020268,0.014801,0.028026,nan,nan
control_rotation_pooled,clean_last,2,375,0.023612,0.016635,0.031600,nan,nan
control_rotation_pooled,clean_last,3,375,0.020616,0.015609,0.027272,nan,nan
control_rotation_pooled,clean_last,4,375,0.018141,0.012467,0.025341,nan,nan
control_rotation_pooled,clean_last,5,375,0.016340,0.011877,0.024648,nan,nan
control_rotation_pooled,clean_last,6,375,0.015053,0.010880,0.019155,nan,nan
control_rotation_pooled,clean_last,7,375,0.014434,0.011116,0.018627,nan,nan
control_rotation_pooled,clean_last,8,375,0.012094,0.008625,0.015602,nan,nan
control_rotation_pooled,clean_last,9,375,0.011462,0.008028,0.015121,nan,nan
control_rotation_pooled,clean_last,10,375,0.014120,0.010710,0.017273,nan,nan
control_rotation_pooled,clean_last,11,375,0.042433,0.038891,0.045940,nan,nan
control_rotation_pooled,clean_mean,0,375,0.019237,0.007823,0.026494,nan,nan
control_rotation_pooled,clean_mean,1,375,0.017415,0.011811,0.020628,nan,nan
control_rotation_pooled,clean_mean,2,375,0.024542,0.008605,0.025384,nan,nan
control_rotation_pooled,clean_mean,3,375,0.017328,0.007956,0.031105,nan,nan
control_rotation_pooled,clean_mean,4,375,0.012603,0.008765,0.030453,nan,nan
control_rotation_pooled,clean_mean,5,375,0.008677,0.007910,0.027860,nan,nan
control_rotation_pooled,clean_mean,6,375,0.009400,0.008526,0.022243,nan,nan
control_rotation_pooled,clean_mean,7,375,0.011011,0.009050,0.022803,nan,nan
control_rotation_pooled,clean_mean,8,375,0.009146,0.008413,0.011892,nan,nan
control_rotation_pooled,clean_mean,9,375,0.007358,0.005564,0.009454,nan,nan
control_rotation_pooled,clean_mean,10,375,0.008951,0.007956,0.012996,nan,nan
control_rotation_pooled,clean_mean,11,375,0.041254,0.038764,0.043279,nan,nan
control_rotation_pooled,directions,0,6,0.022804,0.013391,0.023164,nan,nan
control_rotation_pooled,directions,1,6,0.025085,0.016723,0.028339,nan,nan
control_rotation_pooled,directions,2,6,0.024170,0.013680,0.025571,nan,nan
control_rotation_pooled,directions,3,6,0.016464,0.013657,0.028404,nan,nan
control_rotation_pooled,directions,4,6,0.014592,0.012051,0.025091,nan,nan
control_rotation_pooled,directions,5,6,0.015244,0.011138,0.020958,nan,nan
control_rotation_pooled,directions,6,6,0.012129,0.009435,0.016054,nan,nan
control_rotation_pooled,directions,7,6,0.011164,0.009767,0.016921,nan,nan
control_rotation_pooled,directions,8,6,0.011370,0.009717,0.015946,nan,nan
control_rotation_pooled,directions,9,6,0.010923,0.008624,0.013198,nan,nan
control_rotation_pooled,directions,10,6,0.012585,0.009183,0.017111,nan,nan
control_rotation_pooled,directions,11,6,0.045298,0.036231,0.057938,nan,nan
control_rotation_pooled,lang,0,375,0.014526,0.011693,0.019209,nan,nan
control_rotation_pooled,lang,1,375,0.018350,0.011715,0.021836,nan,nan
control_rotation_pooled,lang,2,375,0.020825,0.010368,0.023813,nan,nan
control_rotation_pooled,lang,3,375,0.016364,0.012723,0.025573,nan,nan
control_rotation_pooled,lang,4,375,0.011828,0.010155,0.024115,nan,nan
control_rotation_pooled,lang,5,375,0.013472,0.010050,0.020089,nan,nan
control_rotation_pooled,lang,6,375,0.013533,0.009415,0.018650,nan,nan
control_rotation_pooled,lang,7,375,0.013931,0.012079,0.017429,nan,nan
control_rotation_pooled,lang,8,375,0.013640,0.012028,0.015982,nan,nan
control_rotation_pooled,lang,9,375,0.013187,0.012321,0.014572,nan,nan
control_rotation_pooled,lang,10,375,0.014914,0.012406,0.018719,nan,nan
control_rotation_pooled,lang,11,375,0.048157,0.045743,0.060861,nan,nan
control_rotation_pooled,named,0,30,0.017371,0.013078,0.023994,nan,nan
control_rotation_pooled,named,1,30,0.020208,0.013547,0.028111,nan,nan
control_rotation_pooled,named,2,30,0.021312,0.015221,0.026332,nan,nan
control_rotation_pooled,named,3,30,0.020440,0.014922,0.025682,nan,nan
control_rotation_pooled,named,4,30,0.015958,0.012323,0.021763,nan,nan
control_rotation_pooled,named,5,30,0.016592,0.013284,0.019681,nan,nan
control_rotation_pooled,named,6,30,0.011307,0.010225,0.017340,nan,nan
control_rotation_pooled,named,7,30,0.013976,0.010693,0.016277,nan,nan
control_rotation_pooled,named,8,30,0.013439,0.012112,0.016543,nan,nan
control_rotation_pooled,named,9,30,0.014554,0.011972,0.015856,nan,nan
control_rotation_pooled,named,10,30,0.017858,0.015627,0.020389,nan,nan
control_rotation_pooled,named,11,30,0.047478,0.045787,0.053232,nan,nan
control_rotation_pooled,noise17,0,375,0.014045,0.012074,0.018119,nan,nan
control_rotation_pooled,noise17,1,375,0.018753,0.011915,0.023490,nan,nan
control_rotation_pooled,noise17,2,375,0.020955,0.012018,0.024501,nan,nan
control_rotation_pooled,noise17,3,375,0.017342,0.012479,0.024336,nan,nan
control_rotation_pooled,noise17,4,375,0.012841,0.010099,0.021413,nan,nan
control_rotation_pooled,noise17,5,375,0.013490,0.009944,0.019644,nan,nan
control_rotation_pooled,noise17,6,375,0.013531,0.010627,0.016087,nan,nan
control_rotation_pooled,noise17,7,375,0.013499,0.011128,0.016830,nan,nan
control_rotation_pooled,noise17,8,375,0.013807,0.011435,0.016287,nan,nan
control_rotation_pooled,noise17,9,375,0.013601,0.011526,0.014842,nan,nan
control_rotation_pooled,noise17,10,375,0.016823,0.013233,0.019143,nan,nan
control_rotation_pooled,noise17,11,375,0.046986,0.043863,0.059736,nan,nan
control_rotation_pooled,nullold,0,375,0.018916,0.011054,0.025892,nan,nan
control_rotation_pooled,nullold,1,375,0.019000,0.013028,0.027794,nan,nan
control_rotation_pooled,nullold,2,375,0.023285,0.009942,0.025118,nan,nan
control_rotation_pooled,nullold,3,375,0.020718,0.009432,0.026798,nan,nan
control_rotation_pooled,nullold,4,375,0.015689,0.010466,0.029348,nan,nan
control_rotation_pooled,nullold,5,375,0.011000,0.009792,0.027316,nan,nan
control_rotation_pooled,nullold,6,375,0.011150,0.008315,0.020729,nan,nan
control_rotation_pooled,nullold,7,375,0.014953,0.008779,0.020972,nan,nan
control_rotation_pooled,nullold,8,375,0.013426,0.010401,0.014733,nan,nan
control_rotation_pooled,nullold,9,375,0.011642,0.006199,0.013734,nan,nan
control_rotation_pooled,nullold,10,375,0.011469,0.008436,0.017773,nan,nan
control_rotation_pooled,nullold,11,375,0.053139,0.032642,0.064727,nan,nan
gauss4242,clean_last,0,125,0.367224,0.363061,0.374220,0.368362,25.0
gauss4242,clean_last,1,125,0.367690,0.360785,0.372907,0.368162,25.0
gauss4242,clean_last,2,125,0.369616,0.358637,0.374005,0.368273,25.0
gauss4242,clean_last,3,125,0.369021,0.363197,0.375454,0.369380,25.0
gauss4242,clean_last,4,125,0.368901,0.363366,0.377016,0.369641,25.0
gauss4242,clean_last,5,125,0.369675,0.362795,0.376947,0.370316,25.0
gauss4242,clean_last,6,125,0.368801,0.363519,0.376266,0.369369,25.0
gauss4242,clean_last,7,125,0.369310,0.362186,0.377468,0.370084,25.0
gauss4242,clean_last,8,125,0.371823,0.364101,0.378484,0.371380,25.0
gauss4242,clean_last,9,125,0.373260,0.365965,0.379622,0.373052,25.0
gauss4242,clean_last,10,125,0.375212,0.367963,0.383370,0.376189,25.0
gauss4242,clean_last,11,125,0.376474,0.371376,0.382315,0.376994,25.0
gauss4242,clean_mean,0,125,0.363296,0.358343,0.367542,0.363292,25.0
gauss4242,clean_mean,1,125,0.363186,0.358654,0.367758,0.362902,25.0
gauss4242,clean_mean,2,125,0.365427,0.362254,0.369658,0.365314,25.0
gauss4242,clean_mean,3,125,0.364661,0.361043,0.369880,0.365237,25.0
gauss4242,clean_mean,4,125,0.365668,0.361078,0.368981,0.365096,25.0
gauss4242,clean_mean,5,125,0.364829,0.361511,0.370364,0.365682,25.0
gauss4242,clean_mean,6,125,0.365476,0.360724,0.369780,0.365192,25.0
gauss4242,clean_mean,7,125,0.364987,0.358822,0.370777,0.364652,25.0
gauss4242,clean_mean,8,125,0.363478,0.358644,0.367766,0.363333,25.0
gauss4242,clean_mean,9,125,0.365109,0.360229,0.368220,0.364528,25.0
gauss4242,clean_mean,10,125,0.371967,0.366746,0.375432,0.371363,25.0
gauss4242,clean_mean,11,125,0.381393,0.375436,0.385402,0.380471,25.0
gauss4242,directions,0,2,0.375960,0.372951,0.378969,0.375960,25.0
gauss4242,directions,1,2,0.375960,0.372951,0.378969,0.375960,25.0
gauss4242,directions,2,2,0.375960,0.372951,0.378969,0.375960,25.0
gauss4242,directions,3,2,0.375960,0.372951,0.378969,0.375960,25.0
gauss4242,directions,4,2,0.375960,0.372951,0.378969,0.375960,25.0
gauss4242,directions,5,2,0.375960,0.372951,0.378969,0.375960,25.0
gauss4242,directions,6,2,0.375960,0.372951,0.378969,0.375960,25.0
gauss4242,directions,7,2,0.375960,0.372951,0.378969,0.375960,25.0
gauss4242,directions,8,2,0.375960,0.372951,0.378969,0.375960,25.0
gauss4242,directions,9,2,0.375960,0.372951,0.378969,0.375960,25.0
gauss4242,directions,10,2,0.375960,0.372951,0.378969,0.375960,25.0
gauss4242,directions,11,2,0.375960,0.372951,0.378969,0.375960,25.0
gauss4242,lang,0,125,0.358381,0.355423,0.361612,0.358617,25.0
gauss4242,lang,1,125,0.362849,0.358038,0.367231,0.362217,25.0
gauss4242,lang,2,125,0.363862,0.361501,0.367132,0.364010,25.0
gauss4242,lang,3,125,0.363709,0.359723,0.365417,0.362524,25.0
gauss4242,lang,4,125,0.361619,0.353737,0.364923,0.359683,25.0
gauss4242,lang,5,125,0.359648,0.357076,0.362763,0.360525,25.0
gauss4242,lang,6,125,0.358213,0.356473,0.362856,0.359192,25.0
gauss4242,lang,7,125,0.363651,0.360168,0.369495,0.364674,25.0
gauss4242,lang,8,125,0.371735,0.366605,0.374616,0.370536,25.0
gauss4242,lang,9,125,0.373610,0.365506,0.375761,0.370863,25.0
gauss4242,lang,10,125,0.370880,0.366250,0.373969,0.371482,25.0
gauss4242,lang,11,125,0.358202,0.352096,0.365549,0.359623,25.0
gauss4242,named,0,10,0.356220,0.352766,0.363638,0.357653,25.0
gauss4242,named,1,10,0.359723,0.358378,0.364760,0.361299,25.0
gauss4242,named,2,10,0.357036,0.351732,0.366266,0.358777,25.0
gauss4242,named,3,10,0.357195,0.352791,0.367632,0.361161,25.0
gauss4242,named,4,10,0.357093,0.353974,0.360640,0.358733,25.0
gauss4242,named,5,10,0.358465,0.355214,0.361859,0.360388,25.0
gauss4242,named,6,10,0.359434,0.354512,0.368212,0.363159,25.0
gauss4242,named,7,10,0.362547,0.354146,0.367068,0.361489,25.0
gauss4242,named,8,10,0.363960,0.354203,0.374062,0.364351,25.0
gauss4242,named,9,10,0.361574,0.358983,0.368060,0.364776,25.0
gauss4242,named,10,10,0.368762,0.362815,0.375019,0.369005,25.0
gauss4242,named,11,10,0.359200,0.356573,0.366763,0.362170,25.0
gauss4242,noise17,0,125,0.362161,0.357386,0.368356,0.362796,25.0
gauss4242,noise17,1,125,0.360007,0.355321,0.367173,0.361605,25.0
gauss4242,noise17,2,125,0.362228,0.358816,0.366821,0.362439,25.0
gauss4242,noise17,3,125,0.363847,0.358390,0.368171,0.363045,25.0
gauss4242,noise17,4,125,0.361248,0.356136,0.367262,0.362015,25.0
gauss4242,noise17,5,125,0.361857,0.357210,0.366198,0.361978,25.0
gauss4242,noise17,6,125,0.361823,0.357489,0.366183,0.362128,25.0
gauss4242,noise17,7,125,0.365435,0.359101,0.371124,0.365033,25.0
gauss4242,noise17,8,125,0.370157,0.363590,0.373736,0.368817,25.0
gauss4242,noise17,9,125,0.369857,0.362422,0.375728,0.369108,25.0
gauss4242,noise17,10,125,0.368204,0.365224,0.373095,0.369319,25.0
gauss4242,noise17,11,125,0.362037,0.355244,0.369532,0.362219,25.0
gauss4242,nullold,0,125,0.368583,0.362490,0.373134,0.367898,25.0
gauss4242,nullold,1,125,0.366661,0.361378,0.371280,0.366393,25.0
gauss4242,nullold,2,125,0.369870,0.365966,0.376379,0.370687,25.0
gauss4242,nullold,3,125,0.370792,0.366260,0.376780,0.371261,25.0
gauss4242,nullold,4,125,0.372082,0.367360,0.378098,0.372083,25.0
gauss4242,nullold,5,125,0.374672,0.370933,0.377815,0.374248,25.0
gauss4242,nullold,6,125,0.375055,0.370931,0.379007,0.374519,25.0
gauss4242,nullold,7,125,0.374610,0.370060,0.379448,0.374882,25.0
gauss4242,nullold,8,125,0.376205,0.371329,0.379528,0.376025,25.0
gauss4242,nullold,9,125,0.373307,0.370741,0.377540,0.373977,25.0
gauss4242,nullold,10,125,0.371363,0.369282,0.376160,0.372868,25.0
gauss4242,nullold,11,125,0.367467,0.361532,0.372506,0.366449,25.0
gauss4243,clean_last,0,125,0.370240,0.364020,0.375293,0.370566,25.0
gauss4243,clean_last,1,125,0.369312,0.364555,0.375988,0.370265,25.0
gauss4243,clean_last,2,125,0.369613,0.363822,0.378975,0.370555,25.0
gauss4243,clean_last,3,125,0.371315,0.365998,0.377533,0.371838,25.0
gauss4243,clean_last,4,125,0.371838,0.364724,0.377709,0.370802,25.0
gauss4243,clean_last,5,125,0.369731,0.363710,0.374741,0.369371,25.0
gauss4243,clean_last,6,125,0.368114,0.362871,0.374035,0.368401,25.0
gauss4243,clean_last,7,125,0.370433,0.363164,0.375557,0.370261,25.0
gauss4243,clean_last,8,125,0.369980,0.363802,0.377607,0.370221,25.0
gauss4243,clean_last,9,125,0.368033,0.359274,0.374451,0.367732,25.0
gauss4243,clean_last,10,125,0.364541,0.357603,0.372049,0.364539,25.0
gauss4243,clean_last,11,125,0.369394,0.362901,0.374953,0.368924,25.0
gauss4243,clean_mean,0,125,0.367367,0.363420,0.373145,0.368406,25.0
gauss4243,clean_mean,1,125,0.369864,0.365377,0.374308,0.369691,25.0
gauss4243,clean_mean,2,125,0.365761,0.362653,0.369034,0.365776,25.0
gauss4243,clean_mean,3,125,0.365620,0.362632,0.370360,0.366155,25.0
gauss4243,clean_mean,4,125,0.365960,0.362262,0.370284,0.366359,25.0
gauss4243,clean_mean,5,125,0.365392,0.362864,0.369028,0.365813,25.0
gauss4243,clean_mean,6,125,0.364317,0.361817,0.368152,0.365003,25.0
gauss4243,clean_mean,7,125,0.365497,0.361857,0.368019,0.365505,25.0
gauss4243,clean_mean,8,125,0.366380,0.362731,0.370133,0.366548,25.0
gauss4243,clean_mean,9,125,0.367785,0.364092,0.371216,0.367634,25.0
gauss4243,clean_mean,10,125,0.366133,0.361757,0.369275,0.365573,25.0
gauss4243,clean_mean,11,125,0.366160,0.360488,0.371058,0.365601,25.0
gauss4243,directions,0,2,0.387563,0.384467,0.390659,0.387563,25.0
gauss4243,directions,1,2,0.387563,0.384467,0.390659,0.387563,25.0
gauss4243,directions,2,2,0.387563,0.384467,0.390659,0.387563,25.0
gauss4243,directions,3,2,0.387563,0.384467,0.390659,0.387563,25.0
gauss4243,directions,4,2,0.387563,0.384467,0.390659,0.387563,25.0
gauss4243,directions,5,2,0.387563,0.384467,0.390659,0.387563,25.0
gauss4243,directions,6,2,0.387563,0.384467,0.390659,0.387563,25.0
gauss4243,directions,7,2,0.387563,0.384467,0.390659,0.387563,25.0
gauss4243,directions,8,2,0.387563,0.384467,0.390659,0.387563,25.0
gauss4243,directions,9,2,0.387563,0.384467,0.390659,0.387563,25.0
gauss4243,directions,10,2,0.387563,0.384467,0.390659,0.387563,25.0
gauss4243,directions,11,2,0.387563,0.384467,0.390659,0.387563,25.0
gauss4243,lang,0,125,0.371816,0.368198,0.375730,0.371503,25.0
gauss4243,lang,1,125,0.370951,0.368897,0.374578,0.371402,25.0
gauss4243,lang,2,125,0.369787,0.368242,0.370756,0.370993,25.0
gauss4243,lang,3,125,0.370415,0.367621,0.373752,0.372345,25.0
gauss4243,lang,4,125,0.373666,0.369299,0.376758,0.374338,25.0
gauss4243,lang,5,125,0.371292,0.370347,0.376281,0.372731,25.0
gauss4243,lang,6,125,0.369358,0.365823,0.372542,0.369766,25.0
gauss4243,lang,7,125,0.372060,0.369925,0.373392,0.371205,25.0
gauss4243,lang,8,125,0.371525,0.367740,0.373803,0.370805,25.0
gauss4243,lang,9,125,0.374259,0.371554,0.375399,0.373910,25.0
gauss4243,lang,10,125,0.372092,0.369482,0.375296,0.372392,25.0
gauss4243,lang,11,125,0.380161,0.376538,0.382706,0.378356,25.0
gauss4243,named,0,10,0.374225,0.371648,0.378168,0.375281,25.0
gauss4243,named,1,10,0.369663,0.368986,0.374048,0.372294,25.0
gauss4243,named,2,10,0.373843,0.368517,0.375621,0.371020,25.0
gauss4243,named,3,10,0.372975,0.370153,0.375285,0.371559,25.0
gauss4243,named,4,10,0.372790,0.367722,0.373064,0.370781,25.0
gauss4243,named,5,10,0.370600,0.365867,0.373592,0.369545,25.0
gauss4243,named,6,10,0.372182,0.370601,0.373501,0.370424,25.0
gauss4243,named,7,10,0.371694,0.367932,0.373943,0.371424,25.0
gauss4243,named,8,10,0.372232,0.369264,0.376284,0.372634,25.0
gauss4243,named,9,10,0.375108,0.371219,0.376778,0.373547,25.0
gauss4243,named,10,10,0.373204,0.370121,0.376149,0.372189,25.0
gauss4243,named,11,10,0.377664,0.376095,0.379995,0.375787,25.0
gauss4243,noise17,0,125,0.371656,0.367576,0.374336,0.370984,25.0
gauss4243,noise17,1,125,0.372367,0.364778,0.375061,0.371221,25.0
gauss4243,noise17,2,125,0.372191,0.367967,0.379271,0.374237,25.0
gauss4243,noise17,3,125,0.375135,0.371004,0.382348,0.375245,25.0
gauss4243,noise17,4,125,0.375079,0.371361,0.384806,0.376844,25.0
gauss4243,noise17,5,125,0.375218,0.370520,0.379403,0.375111,25.0
gauss4243,noise17,6,125,0.372588,0.367766,0.378067,0.372729,25.0
gauss4243,noise17,7,125,0.372768,0.370218,0.377435,0.373779,25.0
gauss4243,noise17,8,125,0.373317,0.370356,0.377876,0.373141,25.0
gauss4243,noise17,9,125,0.373325,0.369750,0.382703,0.375295,25.0
gauss4243,noise17,10,125,0.373945,0.369848,0.378386,0.374984,25.0
gauss4243,noise17,11,125,0.369514,0.364143,0.383396,0.372796,25.0
gauss4243,nullold,0,125,0.379232,0.371299,0.383837,0.377485,25.0
gauss4243,nullold,1,125,0.388996,0.378686,0.396779,0.387676,25.0
gauss4243,nullold,2,125,0.366618,0.363045,0.370565,0.367439,25.0
gauss4243,nullold,3,125,0.366801,0.362462,0.370629,0.367126,25.0
gauss4243,nullold,4,125,0.369364,0.364717,0.373905,0.369368,25.0
gauss4243,nullold,5,125,0.369468,0.365979,0.374554,0.370099,25.0
gauss4243,nullold,6,125,0.371643,0.367890,0.375932,0.371380,25.0
gauss4243,nullold,7,125,0.370709,0.367469,0.373870,0.370937,25.0
gauss4243,nullold,8,125,0.369590,0.365961,0.373345,0.369827,25.0
gauss4243,nullold,9,125,0.370818,0.367861,0.375158,0.371374,25.0
gauss4243,nullold,10,125,0.367454,0.363588,0.372850,0.367750,25.0
gauss4243,nullold,11,125,0.372909,0.368119,0.377762,0.372692,25.0
gauss4244,clean_last,0,125,0.374796,0.366398,0.381155,0.374375,25.0
gauss4244,clean_last,1,125,0.373708,0.368026,0.379013,0.373592,25.0
gauss4244,clean_last,2,125,0.372959,0.368621,0.378577,0.373972,25.0
gauss4244,clean_last,3,125,0.371904,0.365637,0.378236,0.371815,25.0
gauss4244,clean_last,4,125,0.372537,0.365697,0.380005,0.373128,25.0
gauss4244,clean_last,5,125,0.370726,0.367537,0.379482,0.372441,25.0
gauss4244,clean_last,6,125,0.372238,0.367154,0.379429,0.372442,25.0
gauss4244,clean_last,7,125,0.372966,0.366021,0.378482,0.372617,25.0
gauss4244,clean_last,8,125,0.371403,0.365219,0.378252,0.371944,25.0
gauss4244,clean_last,9,125,0.372927,0.367574,0.378921,0.373576,25.0
gauss4244,clean_last,10,125,0.378335,0.371945,0.384987,0.378257,25.0
gauss4244,clean_last,11,125,0.386122,0.380630,0.393647,0.386455,25.0
gauss4244,clean_mean,0,125,0.383363,0.378844,0.389058,0.383900,25.0
gauss4244,clean_mean,1,125,0.391983,0.384965,0.396025,0.390138,25.0
gauss4244,clean_mean,2,125,0.370390,0.368174,0.372742,0.370782,25.0
gauss4244,clean_mean,3,125,0.369714,0.367140,0.372313,0.369842,25.0
gauss4244,clean_mean,4,125,0.368630,0.366501,0.371647,0.369295,25.0
gauss4244,clean_mean,5,125,0.369398,0.367140,0.373068,0.369740,25.0
gauss4244,clean_mean,6,125,0.369832,0.366373,0.372761,0.369615,25.0
gauss4244,clean_mean,7,125,0.370815,0.366421,0.374128,0.370689,25.0
gauss4244,clean_mean,8,125,0.371616,0.367554,0.376239,0.372162,25.0
gauss4244,clean_mean,9,125,0.374661,0.370930,0.379491,0.375064,25.0
gauss4244,clean_mean,10,125,0.385408,0.381737,0.389283,0.385426,25.0
gauss4244,clean_mean,11,125,0.394418,0.390060,0.399324,0.393950,25.0
gauss4244,directions,0,2,0.375990,0.373280,0.378701,0.375990,25.0
gauss4244,directions,1,2,0.375990,0.373280,0.378701,0.375990,25.0
gauss4244,directions,2,2,0.375990,0.373280,0.378701,0.375990,25.0
gauss4244,directions,3,2,0.375990,0.373280,0.378701,0.375990,25.0
gauss4244,directions,4,2,0.375990,0.373280,0.378701,0.375990,25.0
gauss4244,directions,5,2,0.375990,0.373280,0.378701,0.375990,25.0
gauss4244,directions,6,2,0.375990,0.373280,0.378701,0.375990,25.0
gauss4244,directions,7,2,0.375990,0.373280,0.378701,0.375990,25.0
gauss4244,directions,8,2,0.375990,0.373280,0.378701,0.375990,25.0
gauss4244,directions,9,2,0.375990,0.373280,0.378701,0.375990,25.0
gauss4244,directions,10,2,0.375990,0.373280,0.378701,0.375990,25.0
gauss4244,directions,11,2,0.375990,0.373280,0.378701,0.375990,25.0
gauss4244,lang,0,125,0.373055,0.368888,0.375495,0.372036,25.0
gauss4244,lang,1,125,0.370520,0.368566,0.372473,0.371104,25.0
gauss4244,lang,2,125,0.385518,0.382918,0.387573,0.384876,25.0
gauss4244,lang,3,125,0.384140,0.381259,0.386221,0.383799,25.0
gauss4244,lang,4,125,0.387203,0.385436,0.390259,0.386746,25.0
gauss4244,lang,5,125,0.386714,0.384557,0.388193,0.385298,25.0
gauss4244,lang,6,125,0.384217,0.382200,0.385913,0.384882,25.0
gauss4244,lang,7,125,0.381489,0.378389,0.386029,0.382207,25.0
gauss4244,lang,8,125,0.378620,0.377233,0.383120,0.381262,25.0
gauss4244,lang,9,125,0.381079,0.376675,0.381893,0.379593,25.0
gauss4244,lang,10,125,0.379450,0.371577,0.382195,0.377511,25.0
gauss4244,lang,11,125,0.367690,0.360699,0.370944,0.365911,25.0
gauss4244,named,0,10,0.374511,0.371607,0.379922,0.376321,25.0
gauss4244,named,1,10,0.370475,0.366071,0.378451,0.374135,25.0
gauss4244,named,2,10,0.374748,0.372498,0.386174,0.378426,25.0
gauss4244,named,3,10,0.375661,0.370661,0.383525,0.376945,25.0
gauss4244,named,4,10,0.377203,0.373987,0.384294,0.379118,25.0
gauss4244,named,5,10,0.377319,0.373430,0.383369,0.378796,25.0
gauss4244,named,6,10,0.379833,0.376543,0.384851,0.379605,25.0
gauss4244,named,7,10,0.376225,0.372391,0.380003,0.376567,25.0
gauss4244,named,8,10,0.373060,0.369169,0.377534,0.374556,25.0
gauss4244,named,9,10,0.371953,0.369307,0.378845,0.374385,25.0
gauss4244,named,10,10,0.373556,0.372234,0.377741,0.375940,25.0
gauss4244,named,11,10,0.368821,0.366131,0.374329,0.369638,25.0
gauss4244,noise17,0,125,0.368784,0.362772,0.373619,0.368282,25.0
gauss4244,noise17,1,125,0.368529,0.363656,0.373336,0.368889,25.0
gauss4244,noise17,2,125,0.382106,0.373974,0.387682,0.378998,25.0
gauss4244,noise17,3,125,0.380815,0.373910,0.385846,0.378177,25.0
gauss4244,noise17,4,125,0.382918,0.371584,0.386908,0.378551,25.0
gauss4244,noise17,5,125,0.383030,0.372229,0.387778,0.379468,25.0
gauss4244,noise17,6,125,0.382202,0.375176,0.386970,0.379060,25.0
gauss4244,noise17,7,125,0.378663,0.376056,0.387225,0.379459,25.0
gauss4244,noise17,8,125,0.377365,0.372819,0.388369,0.379222,25.0
gauss4244,noise17,9,125,0.376057,0.370128,0.382845,0.375278,25.0
gauss4244,noise17,10,125,0.372507,0.368112,0.380479,0.372956,25.0
gauss4244,noise17,11,125,0.370183,0.364159,0.372619,0.368604,25.0
gauss4244,nullold,0,125,0.367416,0.363251,0.372378,0.367531,25.0
gauss4244,nullold,1,125,0.373481,0.367767,0.378117,0.372234,25.0
gauss4244,nullold,2,125,0.391037,0.379874,0.396784,0.388586,25.0
gauss4244,nullold,3,125,0.389256,0.379308,0.398662,0.387944,25.0
gauss4244,nullold,4,125,0.386743,0.379848,0.390741,0.385361,25.0
gauss4244,nullold,5,125,0.387362,0.380530,0.392715,0.385644,25.0
gauss4244,nullold,6,125,0.385703,0.378686,0.390832,0.384781,25.0
gauss4244,nullold,7,125,0.386185,0.377447,0.390145,0.383985,25.0
gauss4244,nullold,8,125,0.383119,0.378232,0.386916,0.381386,25.0
gauss4244,nullold,9,125,0.385583,0.376872,0.388515,0.382298,25.0
gauss4244,nullold,10,125,0.387120,0.375827,0.392140,0.384532,25.0
gauss4244,nullold,11,125,0.363931,0.360279,0.366492,0.363868,25.0
lens,clean_last,0,125,0.025684,0.014493,0.059491,0.038373,10.0
lens,clean_last,1,125,0.042211,0.026717,0.070208,0.053680,13.0
lens,clean_last,2,125,0.035789,0.025016,0.061885,0.045004,10.0
lens,clean_last,3,125,0.030609,0.021741,0.048368,0.037096,7.0
lens,clean_last,4,125,0.024500,0.016666,0.038453,0.030493,7.0
lens,clean_last,5,125,0.024278,0.015369,0.034946,0.026974,7.0
lens,clean_last,6,125,0.021387,0.014526,0.029309,0.023430,7.0
lens,clean_last,7,125,0.025123,0.016521,0.035326,0.027589,7.0
lens,clean_last,8,125,0.034463,0.025959,0.042499,0.035455,9.0
lens,clean_last,9,125,0.034752,0.027122,0.043705,0.035882,9.0
lens,clean_last,10,125,0.015662,0.011352,0.019357,0.016375,8.0
lens,clean_last,11,125,0.155591,0.123716,0.181548,0.151986,6.0
lens,clean_mean,0,125,0.011512,0.009903,0.014068,0.012779,16.0
lens,clean_mean,1,125,0.028588,0.026581,0.031245,0.028601,24.0
lens,clean_mean,2,125,0.004809,0.004532,0.005052,0.004836,16.0
lens,clean_mean,3,125,0.003183,0.003024,0.003393,0.003298,12.0
lens,clean_mean,4,125,0.002906,0.002591,0.003257,0.003026,6.0
lens,clean_mean,5,125,0.004890,0.004522,0.005310,0.005070,5.0
lens,clean_mean,6,125,0.002441,0.002185,0.002835,0.002681,3.0
lens,clean_mean,7,125,0.005425,0.004871,0.006253,0.005818,3.0
lens,clean_mean,8,125,0.010934,0.010126,0.012357,0.011587,4.0
lens,clean_mean,9,125,0.017516,0.016493,0.019150,0.017951,5.0
lens,clean_mean,10,125,0.024615,0.023160,0.025906,0.025106,8.0
lens,clean_mean,11,125,0.162646,0.143820,0.179748,0.162897,6.0
lens,directions,0,2,0.002425,0.001257,0.003594,0.002425,15.5
lens,directions,1,2,0.002006,0.001733,0.002279,0.002006,14.0
lens,directions,2,2,0.001340,0.001186,0.001495,0.001340,21.0
lens,directions,3,2,0.002380,0.001461,0.003299,0.002380,15.5
lens,directions,4,2,0.005436,0.003364,0.007509,0.005436,12.5
lens,directions,5,2,0.007212,0.005067,0.009357,0.007212,14.5
lens,directions,6,2,0.006288,0.003679,0.008896,0.006288,13.5
lens,directions,7,2,0.006862,0.005046,0.008677,0.006862,14.5
lens,directions,8,2,0.007358,0.006862,0.007854,0.007358,11.5
lens,directions,9,2,0.010314,0.007799,0.012830,0.010314,8.0
lens,directions,10,2,0.022934,0.019056,0.026811,0.022934,8.5
lens,directions,11,2,0.134088,0.123487,0.144689,0.134088,7.5
lens,lang,0,125,0.031279,0.027848,0.033668,0.030920,6.0
lens,lang,1,125,0.044776,0.029143,0.047359,0.041344,7.0
lens,lang,2,125,0.026040,0.012189,0.028288,0.023302,8.0
lens,lang,3,125,0.015975,0.005634,0.017387,0.013729,5.0
lens,lang,4,125,0.015366,0.004677,0.016480,0.013076,4.0
lens,lang,5,125,0.021723,0.011104,0.022320,0.019249,4.0
lens,lang,6,125,0.015195,0.007100,0.015559,0.012979,3.0
lens,lang,7,125,0.020372,0.010591,0.020662,0.018199,3.0
lens,lang,8,125,0.013749,0.013529,0.015703,0.015029,5.0
lens,lang,9,125,0.015282,0.015146,0.022561,0.017668,6.0
lens,lang,10,125,0.014530,0.014384,0.035682,0.020882,6.0
lens,lang,11,125,0.089910,0.018167,0.093192,0.073499,5.0
lens,named,0,10,0.021020,0.016678,0.027363,0.025473,8.0
lens,named,1,10,0.027227,0.026495,0.027708,0.031205,8.5
lens,named,2,10,0.019758,0.018620,0.022452,0.019922,8.5
lens,named,3,10,0.013564,0.010673,0.013915,0.012224,6.0
lens,named,4,10,0.012558,0.008675,0.013155,0.011265,4.5
lens,named,5,10,0.016340,0.013656,0.016582,0.016044,6.0
lens,named,6,10,0.012788,0.010400,0.013141,0.012308,5.5
lens,named,7,10,0.017242,0.016149,0.017395,0.017428,6.0
lens,named,8,10,0.014909,0.014318,0.016956,0.016779,6.0
lens,named,9,10,0.020666,0.019891,0.022288,0.021815,9.0
lens,named,10,10,0.017383,0.012590,0.025909,0.020561,7.5
lens,named,11,10,0.132254,0.067948,0.133100,0.100494,5.0
lens,noise17,0,125,0.031957,0.028023,0.037214,0.033384,9.0
lens,noise17,1,125,0.045861,0.039949,0.050415,0.046145,9.0
lens,noise17,2,125,0.028360,0.025252,0.031389,0.028566,8.0
lens,noise17,3,125,0.017309,0.014847,0.019298,0.017663,6.0
lens,noise17,4,125,0.016422,0.014043,0.018508,0.016808,4.0
lens,noise17,5,125,0.022356,0.019461,0.024204,0.022171,4.0
lens,noise17,6,125,0.014987,0.013699,0.016147,0.014993,4.0
lens,noise17,7,125,0.020201,0.018907,0.021597,0.020906,3.0
lens,noise17,8,125,0.016628,0.013324,0.020804,0.017800,5.0
lens,noise17,9,125,0.016798,0.015241,0.022120,0.019612,7.0
lens,noise17,10,125,0.017428,0.014565,0.025589,0.020741,7.0
lens,noise17,11,125,0.092205,0.068465,0.106930,0.083145,5.0
lens,nullold,0,125,0.072315,0.066648,0.075215,0.069785,15.0
lens,nullold,1,125,0.068008,0.066746,0.072450,0.070083,17.0
lens,nullold,2,125,0.024767,0.023806,0.025852,0.025947,15.0
lens,nullold,3,125,0.014294,0.013535,0.014751,0.014908,9.0
lens,nullold,4,125,0.011019,0.010561,0.011263,0.011491,6.0
lens,nullold,5,125,0.010797,0.010541,0.011098,0.011194,5.0
lens,nullold,6,125,0.007810,0.007140,0.008044,0.007810,2.0
lens,nullold,7,125,0.012687,0.011412,0.012964,0.012375,4.0
lens,nullold,8,125,0.017629,0.014387,0.018043,0.016707,5.0
lens,nullold,9,125,0.022260,0.017054,0.022577,0.020826,6.0
lens,nullold,10,125,0.035261,0.029320,0.035766,0.032268,7.0
lens,nullold,11,125,0.007820,0.006664,0.009042,0.013570,13.0
lens_centred,clean_last,0,125,0.025684,0.014493,0.059491,0.038373,10.0
lens_centred,clean_last,1,125,0.042211,0.026717,0.070208,0.053680,13.0
lens_centred,clean_last,2,125,0.035789,0.025016,0.061885,0.045004,10.0
lens_centred,clean_last,3,125,0.030609,0.021741,0.048368,0.037096,7.0
lens_centred,clean_last,4,125,0.024500,0.016666,0.038453,0.030493,7.0
lens_centred,clean_last,5,125,0.024278,0.015369,0.034946,0.026974,7.0
lens_centred,clean_last,6,125,0.021387,0.014526,0.029309,0.023430,7.0
lens_centred,clean_last,7,125,0.025123,0.016521,0.035326,0.027589,7.0
lens_centred,clean_last,8,125,0.034463,0.025959,0.042499,0.035455,9.0
lens_centred,clean_last,9,125,0.034752,0.027122,0.043705,0.035882,9.0
lens_centred,clean_last,10,125,0.015662,0.011352,0.019357,0.016375,8.0
lens_centred,clean_last,11,125,0.155591,0.123716,0.181548,0.151986,6.0
lens_centred,clean_mean,0,125,0.011512,0.009903,0.014068,0.012779,16.0
lens_centred,clean_mean,1,125,0.028588,0.026581,0.031245,0.028601,24.0
lens_centred,clean_mean,2,125,0.004809,0.004532,0.005052,0.004836,16.0
lens_centred,clean_mean,3,125,0.003183,0.003024,0.003393,0.003298,12.0
lens_centred,clean_mean,4,125,0.002906,0.002591,0.003257,0.003026,6.0
lens_centred,clean_mean,5,125,0.004890,0.004522,0.005310,0.005070,5.0
lens_centred,clean_mean,6,125,0.002441,0.002185,0.002835,0.002681,3.0
lens_centred,clean_mean,7,125,0.005425,0.004871,0.006253,0.005818,3.0
lens_centred,clean_mean,8,125,0.010934,0.010126,0.012357,0.011587,4.0
lens_centred,clean_mean,9,125,0.017516,0.016493,0.019150,0.017951,5.0
lens_centred,clean_mean,10,125,0.024615,0.023160,0.025906,0.025106,8.0
lens_centred,clean_mean,11,125,0.162646,0.143820,0.179748,0.162897,6.0
lens_centred,directions,0,2,0.002425,0.001257,0.003594,0.002425,15.5
lens_centred,directions,1,2,0.002006,0.001733,0.002279,0.002006,14.0
lens_centred,directions,2,2,0.001340,0.001186,0.001495,0.001340,21.0
lens_centred,directions,3,2,0.002380,0.001461,0.003299,0.002380,15.5
lens_centred,directions,4,2,0.005436,0.003364,0.007509,0.005436,12.5
lens_centred,directions,5,2,0.007212,0.005067,0.009357,0.007212,14.5
lens_centred,directions,6,2,0.006288,0.003679,0.008896,0.006288,13.5
lens_centred,directions,7,2,0.006862,0.005046,0.008677,0.006862,14.5
lens_centred,directions,8,2,0.007358,0.006862,0.007854,0.007358,11.5
lens_centred,directions,9,2,0.010314,0.007799,0.012830,0.010314,8.0
lens_centred,directions,10,2,0.022934,0.019056,0.026811,0.022934,8.5
lens_centred,directions,11,2,0.134088,0.123487,0.144689,0.134088,7.5
lens_centred,lang,0,125,0.031279,0.027848,0.033668,0.030920,6.0
lens_centred,lang,1,125,0.044776,0.029143,0.047359,0.041344,7.0
lens_centred,lang,2,125,0.026040,0.012189,0.028288,0.023302,8.0
lens_centred,lang,3,125,0.015975,0.005634,0.017387,0.013729,5.0
lens_centred,lang,4,125,0.015366,0.004677,0.016480,0.013076,4.0
lens_centred,lang,5,125,0.021723,0.011104,0.022320,0.019249,4.0
lens_centred,lang,6,125,0.015195,0.007100,0.015559,0.012979,3.0
lens_centred,lang,7,125,0.020372,0.010591,0.020662,0.018199,3.0
lens_centred,lang,8,125,0.013749,0.013529,0.015703,0.015029,5.0
lens_centred,lang,9,125,0.015282,0.015146,0.022561,0.017668,6.0
lens_centred,lang,10,125,0.014530,0.014384,0.035682,0.020882,6.0
lens_centred,lang,11,125,0.089910,0.018167,0.093192,0.073499,5.0
lens_centred,named,0,10,0.021020,0.016678,0.027363,0.025473,8.0
lens_centred,named,1,10,0.027227,0.026495,0.027708,0.031205,8.5
lens_centred,named,2,10,0.019758,0.018620,0.022452,0.019922,8.5
lens_centred,named,3,10,0.013564,0.010673,0.013915,0.012224,6.0
lens_centred,named,4,10,0.012558,0.008675,0.013155,0.011265,4.5
lens_centred,named,5,10,0.016340,0.013656,0.016582,0.016044,6.0
lens_centred,named,6,10,0.012788,0.010400,0.013141,0.012308,5.5
lens_centred,named,7,10,0.017242,0.016149,0.017395,0.017428,6.0
lens_centred,named,8,10,0.014909,0.014318,0.016956,0.016779,6.0
lens_centred,named,9,10,0.020666,0.019891,0.022288,0.021815,9.0
lens_centred,named,10,10,0.017383,0.012590,0.025909,0.020561,7.5
lens_centred,named,11,10,0.132254,0.067948,0.133100,0.100494,5.0
lens_centred,noise17,0,125,0.031957,0.028023,0.037214,0.033384,9.0
lens_centred,noise17,1,125,0.045861,0.039949,0.050415,0.046145,9.0
lens_centred,noise17,2,125,0.028360,0.025252,0.031389,0.028566,8.0
lens_centred,noise17,3,125,0.017309,0.014847,0.019298,0.017663,6.0
lens_centred,noise17,4,125,0.016422,0.014043,0.018508,0.016808,4.0
lens_centred,noise17,5,125,0.022356,0.019461,0.024204,0.022171,4.0
lens_centred,noise17,6,125,0.014987,0.013699,0.016147,0.014993,4.0
lens_centred,noise17,7,125,0.020201,0.018907,0.021597,0.020906,3.0
lens_centred,noise17,8,125,0.016628,0.013324,0.020804,0.017800,5.0
lens_centred,noise17,9,125,0.016798,0.015241,0.022120,0.019612,7.0
lens_centred,noise17,10,125,0.017428,0.014565,0.025589,0.020741,7.0
lens_centred,noise17,11,125,0.092205,0.068465,0.106930,0.083145,5.0
lens_centred,nullold,0,125,0.072315,0.066648,0.075215,0.069785,15.0
lens_centred,nullold,1,125,0.068008,0.066746,0.072450,0.070083,17.0
lens_centred,nullold,2,125,0.024767,0.023806,0.025852,0.025947,15.0
lens_centred,nullold,3,125,0.014294,0.013535,0.014751,0.014908,9.0
lens_centred,nullold,4,125,0.011019,0.010561,0.011263,0.011491,6.0
lens_centred,nullold,5,125,0.010797,0.010541,0.011098,0.011194,5.0
lens_centred,nullold,6,125,0.007810,0.007140,0.008044,0.007810,2.0
lens_centred,nullold,7,125,0.012687,0.011412,0.012964,0.012375,4.0
lens_centred,nullold,8,125,0.017629,0.014387,0.018043,0.016707,5.0
lens_centred,nullold,9,125,0.022260,0.017054,0.022577,0.020826,6.0
lens_centred,nullold,10,125,0.035261,0.029320,0.035766,0.032268,7.0
lens_centred,nullold,11,125,0.007820,0.006664,0.009042,0.013570,13.0
rot2026,clean_last,0,125,0.016146,0.014389,0.019756,0.017057,14.0
rot2026,clean_last,1,125,0.019478,0.017557,0.023887,0.020523,16.0
rot2026,clean_last,2,125,0.022848,0.019051,0.027798,0.023227,16.0
rot2026,clean_last,3,125,0.017605,0.013168,0.023681,0.018136,15.0
rot2026,clean_last,4,125,0.018283,0.014093,0.021757,0.018357,15.0
rot2026,clean_last,5,125,0.014993,0.011842,0.018723,0.015825,14.0
rot2026,clean_last,6,125,0.013534,0.010114,0.017869,0.014165,12.0
rot2026,clean_last,7,125,0.013269,0.009420,0.017122,0.013837,11.0
rot2026,clean_last,8,125,0.012561,0.009325,0.016497,0.013312,11.0
rot2026,clean_last,9,125,0.009648,0.006913,0.013513,0.010274,9.0
rot2026,clean_last,10,125,0.011770,0.008638,0.015355,0.012093,11.0
rot2026,clean_last,11,125,0.044201,0.041168,0.047560,0.044430,25.0
rot2026,clean_mean,0,125,0.019412,0.017704,0.020906,0.019324,14.0
rot2026,clean_mean,1,125,0.020764,0.019524,0.022194,0.020740,19.0
rot2026,clean_mean,2,125,0.024878,0.024240,0.025321,0.024691,18.0
rot2026,clean_mean,3,125,0.017328,0.016628,0.017717,0.017125,15.0
rot2026,clean_mean,4,125,0.012603,0.012131,0.012980,0.012536,14.0
rot2026,clean_mean,5,125,0.008581,0.008197,0.008962,0.008574,14.0
rot2026,clean_mean,6,125,0.009192,0.008557,0.009627,0.009088,11.0
rot2026,clean_mean,7,125,0.008581,0.007944,0.009085,0.008484,10.0
rot2026,clean_mean,8,125,0.008631,0.008032,0.009068,0.008604,9.0
rot2026,clean_mean,9,125,0.005178,0.004669,0.005589,0.005201,7.0
rot2026,clean_mean,10,125,0.008179,0.007560,0.008996,0.008208,11.0
rot2026,clean_mean,11,125,0.042649,0.040573,0.044345,0.042373,25.0
rot2026,directions,0,2,0.016343,0.012989,0.019697,0.016343,17.5
rot2026,directions,1,2,0.019036,0.016723,0.021350,0.019036,18.0
rot2026,directions,2,2,0.017974,0.014278,0.021670,0.017974,19.5
rot2026,directions,3,2,0.016338,0.014966,0.017710,0.016338,15.0
rot2026,directions,4,2,0.014592,0.014277,0.014906,0.014592,14.0
rot2026,directions,5,2,0.014108,0.012339,0.015877,0.014108,14.5
rot2026,directions,6,2,0.011851,0.010574,0.013129,0.011851,12.5
rot2026,directions,7,2,0.013331,0.010739,0.015922,0.013331,10.5
rot2026,directions,8,2,0.013277,0.010386,0.016167,0.013277,8.5
rot2026,directions,9,2,0.014265,0.009064,0.019465,0.014265,8.5
rot2026,directions,10,2,0.014293,0.010075,0.018511,0.014293,12.5
rot2026,directions,11,2,0.045632,0.036501,0.054763,0.045632,25.0
rot2026,lang,0,125,0.012495,0.011417,0.023794,0.016726,13.0
rot2026,lang,1,125,0.019285,0.017910,0.022442,0.020343,18.0
rot2026,lang,2,125,0.023652,0.022816,0.030638,0.026112,18.0
rot2026,lang,3,125,0.016364,0.015522,0.024600,0.019531,14.0
rot2026,lang,4,125,0.010698,0.010076,0.017627,0.013484,14.0
rot2026,lang,5,125,0.010279,0.009513,0.012743,0.011288,11.0
rot2026,lang,6,125,0.009425,0.009177,0.009685,0.010370,10.0
rot2026,lang,7,125,0.013832,0.010448,0.014396,0.013530,12.0
rot2026,lang,8,125,0.016268,0.012938,0.016414,0.015821,11.0
rot2026,lang,9,125,0.013628,0.008604,0.014095,0.012368,12.0
rot2026,lang,10,125,0.016640,0.011826,0.018304,0.016118,10.0
rot2026,lang,11,125,0.062739,0.060904,0.064864,0.063670,25.0
rot2026,named,0,10,0.017103,0.011991,0.024135,0.018152,14.0
rot2026,named,1,10,0.020567,0.019055,0.022282,0.020547,15.0
rot2026,named,2,10,0.024185,0.018824,0.029975,0.024470,15.0
rot2026,named,3,10,0.018452,0.014922,0.026240,0.020617,13.0
rot2026,named,4,10,0.014558,0.012323,0.020879,0.016342,12.0
rot2026,named,5,10,0.013894,0.013284,0.015850,0.014667,11.0
rot2026,named,6,10,0.010037,0.009657,0.010238,0.010094,10.0
rot2026,named,7,10,0.014555,0.012500,0.015703,0.013695,10.5
rot2026,named,8,10,0.016454,0.015420,0.016545,0.015696,11.0
rot2026,named,9,10,0.014222,0.011820,0.016077,0.013183,12.0
rot2026,named,10,10,0.018559,0.015627,0.020907,0.017339,13.5
rot2026,named,11,10,0.054124,0.052714,0.060070,0.056552,25.0
rot2026,noise17,0,125,0.015923,0.012281,0.021016,0.016424,13.0
rot2026,noise17,1,125,0.022171,0.018459,0.024663,0.021449,16.0
rot2026,noise17,2,125,0.024741,0.022857,0.027086,0.024462,17.0
rot2026,noise17,3,125,0.018966,0.015798,0.024119,0.019662,13.0
rot2026,noise17,4,125,0.012841,0.010254,0.018225,0.014080,12.0
rot2026,noise17,5,125,0.010330,0.009690,0.014641,0.012094,10.0
rot2026,noise17,6,125,0.009789,0.009067,0.014814,0.011115,10.0
rot2026,noise17,7,125,0.014298,0.010956,0.016902,0.013888,12.0
rot2026,noise17,8,125,0.016292,0.011338,0.018900,0.015103,12.0
rot2026,noise17,9,125,0.013879,0.009951,0.014391,0.012499,12.0
rot2026,noise17,10,125,0.018145,0.013800,0.020338,0.016744,12.0
rot2026,noise17,11,125,0.062883,0.059855,0.071457,0.063810,25.0
rot2026,nullold,0,125,0.024705,0.012853,0.026147,0.019985,19.0
rot2026,nullold,1,125,0.019000,0.014771,0.019922,0.016844,16.0
rot2026,nullold,2,125,0.028645,0.020169,0.029957,0.025495,14.0
rot2026,nullold,3,125,0.020718,0.013045,0.021522,0.017610,14.0
rot2026,nullold,4,125,0.015549,0.010639,0.016726,0.013879,12.0
rot2026,nullold,5,125,0.010561,0.008207,0.011050,0.009780,11.0
rot2026,nullold,6,125,0.008062,0.007820,0.008425,0.008063,8.0
rot2026,nullold,7,125,0.008567,0.008060,0.008760,0.008407,8.0
rot2026,nullold,8,125,0.010082,0.009112,0.010407,0.009716,9.0
rot2026,nullold,9,125,0.005936,0.005435,0.006195,0.005777,7.0
rot2026,nullold,10,125,0.008145,0.007155,0.008557,0.007457,11.0
rot2026,nullold,11,125,0.070344,0.064974,0.072190,0.066819,25.0
rot2027,clean_last,0,125,0.008692,0.006750,0.010803,0.009246,10.0
rot2027,clean_last,1,125,0.013838,0.012052,0.015858,0.014027,13.0
rot2027,clean_last,2,125,0.015257,0.013154,0.018448,0.016378,15.0
rot2027,clean_last,3,125,0.018300,0.014302,0.021356,0.018758,14.0
rot2027,clean_last,4,125,0.011285,0.009567,0.015335,0.012627,11.0
rot2027,clean_last,5,125,0.011912,0.008664,0.015633,0.012352,11.0
rot2027,clean_last,6,125,0.012354,0.008758,0.016373,0.012713,11.0
rot2027,clean_last,7,125,0.012578,0.009334,0.016796,0.013140,11.0
rot2027,clean_last,8,125,0.010569,0.008299,0.014612,0.011406,9.0
rot2027,clean_last,9,125,0.010862,0.008304,0.014101,0.011443,10.0
rot2027,clean_last,10,125,0.015201,0.011895,0.017794,0.014939,14.0
rot2027,clean_last,11,125,0.039184,0.036146,0.042325,0.039418,25.0
rot2027,clean_mean,0,125,0.006514,0.005680,0.007803,0.006827,11.0
rot2027,clean_mean,1,125,0.010944,0.010208,0.011868,0.011023,12.0
rot2027,clean_mean,2,125,0.008334,0.008024,0.008599,0.008352,10.0
rot2027,clean_mean,3,125,0.007675,0.007349,0.007948,0.007685,8.0
rot2027,clean_mean,4,125,0.008476,0.008072,0.008762,0.008446,10.0
rot2027,clean_mean,5,125,0.007598,0.007270,0.008133,0.007708,11.0
rot2027,clean_mean,6,125,0.008524,0.008167,0.008871,0.008531,13.0
rot2027,clean_mean,7,125,0.011010,0.010565,0.011543,0.011006,16.0
rot2027,clean_mean,8,125,0.008734,0.008144,0.009280,0.008712,11.0
rot2027,clean_mean,9,125,0.007344,0.006910,0.008005,0.007454,9.0
rot2027,clean_mean,10,125,0.008332,0.007685,0.008907,0.008349,10.0
rot2027,clean_mean,11,125,0.038056,0.036493,0.039813,0.038159,25.0
rot2027,directions,0,2,0.016769,0.013553,0.019985,0.016769,16.5
rot2027,directions,1,2,0.022161,0.017360,0.026961,0.022161,19.0
rot2027,directions,2,2,0.024713,0.016670,0.032756,0.024713,14.5
rot2027,directions,3,2,0.021785,0.014959,0.028610,0.021785,14.5
rot2027,directions,4,2,0.018966,0.014259,0.023673,0.018966,11.0
rot2027,directions,5,2,0.015382,0.012042,0.018722,0.015382,11.5
rot2027,directions,6,2,0.013227,0.011540,0.014915,0.013227,14.0
rot2027,directions,7,2,0.011164,0.010675,0.011653,0.011164,14.5
rot2027,directions,8,2,0.010089,0.009717,0.010461,0.010089,10.0
rot2027,directions,9,2,0.010051,0.009120,0.010982,0.010051,11.0
rot2027,directions,10,2,0.013335,0.010919,0.015750,0.013335,13.0
rot2027,directions,11,2,0.045298,0.044378,0.046218,0.045298,25.0
rot2027,lang,0,125,0.014022,0.010852,0.014509,0.012461,11.0
rot2027,lang,1,125,0.010877,0.010619,0.011711,0.011145,12.0
rot2027,lang,2,125,0.010328,0.008658,0.010366,0.010195,14.0
rot2027,lang,3,125,0.012531,0.006781,0.012722,0.010962,13.0
rot2027,lang,4,125,0.010921,0.006087,0.011492,0.009662,12.0
rot2027,lang,5,125,0.012890,0.007276,0.013710,0.011293,13.0
rot2027,lang,6,125,0.018612,0.009226,0.019413,0.015842,14.0
rot2027,lang,7,125,0.016807,0.010588,0.017538,0.014794,13.0
rot2027,lang,8,125,0.015235,0.009268,0.015680,0.013565,15.0
rot2027,lang,9,125,0.012897,0.007828,0.013065,0.011301,11.0
rot2027,lang,10,125,0.012584,0.009245,0.013317,0.011860,11.0
rot2027,lang,11,125,0.044652,0.036649,0.045812,0.040487,25.0
rot2027,named,0,10,0.015013,0.013078,0.015086,0.013901,15.0
rot2027,named,1,10,0.013034,0.012465,0.013174,0.013021,13.0
rot2027,named,2,10,0.012253,0.009824,0.015188,0.012299,15.0
rot2027,named,3,10,0.014874,0.011154,0.019377,0.014644,14.5
rot2027,named,4,10,0.012445,0.010695,0.015235,0.012033,13.5
rot2027,named,5,10,0.014095,0.011868,0.017733,0.013896,14.0
rot2027,named,6,10,0.017858,0.011821,0.024248,0.017701,12.0
rot2027,named,7,10,0.016702,0.010515,0.019998,0.015525,16.0
rot2027,named,8,10,0.014846,0.010963,0.019951,0.015027,13.5
rot2027,named,9,10,0.012743,0.011126,0.017781,0.013534,12.0
rot2027,named,10,10,0.019164,0.012600,0.022270,0.017323,12.0
rot2027,named,11,10,0.042196,0.038647,0.045711,0.041173,25.0
rot2027,noise17,0,125,0.011184,0.008034,0.014495,0.011838,12.0
rot2027,noise17,1,125,0.010920,0.010574,0.012155,0.012145,12.0
rot2027,noise17,2,125,0.010343,0.009202,0.011610,0.010664,10.0
rot2027,noise17,3,125,0.011910,0.009767,0.012757,0.011084,11.0
rot2027,noise17,4,125,0.009944,0.008119,0.011267,0.009699,10.0
rot2027,noise17,5,125,0.010413,0.008410,0.012879,0.010470,12.0
rot2027,noise17,6,125,0.014883,0.012254,0.018596,0.014849,12.0
rot2027,noise17,7,125,0.012548,0.010764,0.016662,0.013609,12.0
rot2027,noise17,8,125,0.013769,0.011443,0.015358,0.013209,12.0
rot2027,noise17,9,125,0.011895,0.010972,0.013082,0.011757,11.0
rot2027,noise17,10,125,0.013250,0.011556,0.014049,0.013199,11.0
rot2027,noise17,11,125,0.033985,0.028408,0.045069,0.035101,25.0
rot2027,nullold,0,125,0.010926,0.010555,0.012174,0.011234,13.0
rot2027,nullold,1,125,0.012962,0.012344,0.013860,0.012344,11.0
rot2027,nullold,2,125,0.008334,0.007231,0.009853,0.008515,12.0
rot2027,nullold,3,125,0.008879,0.008040,0.009859,0.009120,12.0
rot2027,nullold,4,125,0.010416,0.009714,0.011443,0.010739,10.0
rot2027,nullold,5,125,0.010033,0.009602,0.010870,0.010405,13.0
rot2027,nullold,6,125,0.011128,0.010917,0.011871,0.011720,11.0
rot2027,nullold,7,125,0.014953,0.014497,0.016734,0.016399,13.0
rot2027,nullold,8,125,0.014407,0.013426,0.015939,0.014863,13.0
rot2027,nullold,9,125,0.011642,0.011006,0.012539,0.011844,11.0
rot2027,nullold,10,125,0.011469,0.010893,0.011718,0.011146,9.0
rot2027,nullold,11,125,0.028244,0.027589,0.032883,0.030499,25.0
rot2028,clean_last,0,125,0.028950,0.026144,0.033000,0.029865,17.0
rot2028,clean_last,1,125,0.032595,0.027158,0.037558,0.033384,24.0
rot2028,clean_last,2,125,0.033811,0.029452,0.041372,0.035202,22.0
rot2028,clean_last,3,125,0.029638,0.022910,0.036279,0.030094,20.0
rot2028,clean_last,4,125,0.027252,0.022408,0.032897,0.027530,18.0
rot2028,clean_last,5,125,0.027466,0.022925,0.031847,0.027644,17.0
rot2028,clean_last,6,125,0.019149,0.015254,0.023899,0.019884,14.0
rot2028,clean_last,7,125,0.017510,0.014113,0.021048,0.018150,12.0
rot2028,clean_last,8,125,0.012712,0.009255,0.015587,0.012732,10.0
rot2028,clean_last,9,125,0.014147,0.009939,0.017489,0.013970,10.0
rot2028,clean_last,10,125,0.015180,0.012728,0.018499,0.015891,12.0
rot2028,clean_last,11,125,0.043417,0.041044,0.046491,0.043475,25.0
rot2028,clean_mean,0,125,0.028653,0.026498,0.030948,0.028607,17.0
rot2028,clean_mean,1,125,0.017846,0.016663,0.020046,0.018635,16.0
rot2028,clean_mean,2,125,0.025502,0.024883,0.026404,0.025720,24.0
rot2028,clean_mean,3,125,0.032018,0.031123,0.032977,0.032135,22.0
rot2028,clean_mean,4,125,0.031125,0.030479,0.031956,0.031227,18.0
rot2028,clean_mean,5,125,0.028648,0.027872,0.029242,0.028600,13.0
rot2028,clean_mean,6,125,0.023006,0.022273,0.023688,0.023022,11.0
rot2028,clean_mean,7,125,0.023530,0.022818,0.024154,0.023540,12.0
rot2028,clean_mean,8,125,0.012600,0.011897,0.013248,0.012600,10.0
rot2028,clean_mean,9,125,0.009936,0.009414,0.010601,0.010046,10.0
rot2028,clean_mean,10,125,0.013563,0.013000,0.014748,0.013936,12.0
rot2028,clean_mean,11,125,0.042421,0.040954,0.044017,0.042445,25.0
rot2028,directions,0,2,0.024010,0.023284,0.024737,0.024010,10.5
rot2028,directions,1,2,0.027728,0.027118,0.028339,0.027728,14.0
rot2028,directions,2,2,0.024307,0.023641,0.024974,0.024307,18.5
rot2028,directions,3,2,0.022679,0.018263,0.027095,0.022679,14.5
rot2028,directions,4,2,0.021022,0.016218,0.025826,0.021022,12.0
rot2028,directions,5,2,0.019929,0.016385,0.023472,0.019929,11.5
rot2028,directions,6,2,0.015190,0.011718,0.018663,0.015190,11.0
rot2028,directions,7,2,0.016154,0.012891,0.019418,0.016154,12.0
rot2028,directions,8,2,0.014600,0.013253,0.015946,0.014600,11.0
rot2028,directions,9,2,0.011779,0.010855,0.012702,0.011779,10.5
rot2028,directions,10,2,0.012585,0.011905,0.013266,0.012585,13.0
rot2028,directions,11,2,0.047680,0.040751,0.054609,0.047680,25.0
rot2028,lang,0,125,0.018520,0.017983,0.029731,0.020627,11.0
rot2028,lang,1,125,0.021611,0.021316,0.035277,0.024335,19.0
rot2028,lang,2,125,0.020825,0.020426,0.030443,0.023440,17.0
rot2028,lang,3,125,0.026402,0.025035,0.033011,0.027015,17.0
rot2028,lang,4,125,0.024804,0.024155,0.031202,0.025557,18.0
rot2028,lang,5,125,0.020531,0.020093,0.028549,0.022591,15.0
rot2028,lang,6,125,0.013711,0.013301,0.022107,0.015859,11.0
rot2028,lang,7,125,0.013799,0.012791,0.020858,0.015297,13.0
rot2028,lang,8,125,0.012058,0.011559,0.013134,0.012270,12.0
rot2028,lang,9,125,0.014786,0.013939,0.015111,0.014360,13.0
rot2028,lang,10,125,0.018733,0.015986,0.019307,0.017968,21.0
rot2028,lang,11,125,0.048157,0.047170,0.055182,0.049766,25.0
rot2028,named,0,10,0.021911,0.019700,0.028333,0.024362,16.0
rot2028,named,1,10,0.028504,0.028163,0.035406,0.031645,18.0
rot2028,named,2,10,0.023948,0.023789,0.029124,0.025723,17.5
rot2028,named,3,10,0.025158,0.024807,0.027674,0.026477,15.0
rot2028,named,4,10,0.021746,0.021603,0.026563,0.023892,18.5
rot2028,named,5,10,0.019692,0.019680,0.021719,0.020745,13.5
rot2028,named,6,10,0.012420,0.011303,0.016900,0.014512,13.0
rot2028,named,7,10,0.011142,0.010693,0.015829,0.013708,10.5
rot2028,named,8,10,0.012444,0.012112,0.012778,0.012415,10.5
rot2028,named,9,10,0.014643,0.014141,0.014721,0.014436,12.0
rot2028,named,10,10,0.017109,0.016769,0.018416,0.017452,15.0
rot2028,named,11,10,0.047478,0.046677,0.050521,0.049042,25.0
rot2028,noise17,0,125,0.015794,0.013245,0.018359,0.016730,12.0
rot2028,noise17,1,125,0.021309,0.016612,0.022566,0.021694,18.0
rot2028,noise17,2,125,0.021280,0.020510,0.024008,0.023015,18.0
rot2028,noise17,3,125,0.024698,0.021204,0.026683,0.024367,17.0
rot2028,noise17,4,125,0.023944,0.020945,0.025663,0.023523,18.0
rot2028,noise17,5,125,0.020401,0.019607,0.021252,0.020964,13.0
rot2028,noise17,6,125,0.013729,0.012759,0.016792,0.015380,11.0
rot2028,noise17,7,125,0.013275,0.011510,0.017247,0.014808,13.0
rot2028,noise17,8,125,0.012281,0.011348,0.015012,0.013950,11.0
rot2028,noise17,9,125,0.014927,0.014080,0.015465,0.016021,10.0
rot2028,noise17,10,125,0.018526,0.017355,0.019455,0.019591,15.0
rot2028,noise17,11,125,0.047495,0.046362,0.048716,0.047676,25.0
rot2028,nullold,0,125,0.025680,0.021288,0.027333,0.024262,19.0
rot2028,nullold,1,125,0.029945,0.027810,0.030953,0.029170,22.0
rot2028,nullold,2,125,0.023852,0.023487,0.024272,0.023640,22.0
rot2028,nullold,3,125,0.027170,0.026801,0.029388,0.028328,23.0
rot2028,nullold,4,125,0.029936,0.029405,0.031030,0.030819,21.0
rot2028,nullold,5,125,0.028261,0.027345,0.028937,0.027904,15.0
rot2028,nullold,6,125,0.021209,0.020759,0.021968,0.021707,16.0
rot2028,nullold,7,125,0.021120,0.020858,0.021862,0.022117,16.0
rot2028,nullold,8,125,0.013905,0.013422,0.015844,0.015867,16.0
rot2028,nullold,9,125,0.013894,0.013529,0.015326,0.016064,12.0
rot2028,nullold,10,125,0.018057,0.017778,0.021280,0.020610,15.0
rot2028,nullold,11,125,0.055338,0.046701,0.057955,0.051821,25.0
